behavior_id,behavior_name,behavior_description,behavior_why
SB001,Authenticates with MFA,"Multi-factor authentication (MFA) is the process of signing in to an account using more than one verification factor – typically something known (e.g., a password) and something possessed (e.g., a time-sensitive code sent via SMS or generated by an authenticator app).

MFA reduces the risk of account compromise by making unauthorized access significantly more difficult, even if a password is exposed.","Accounts often hold sensitive or valuable information and access to critical systems. While passwords remain a common form of authentication, they can be reused, guessed, or leaked. MFA reduces the risk of account compromise by requiring an additional factor—something in possession or inherent to the person signing in. This makes accounts more resilient to common attacks like phishing and credential stuffing."
SB003,Authenticates with a strong password (or passphrase),"A strong password (or passphrase) is essential for securing sensitive accounts, such as workplace accounts, payment-related sites, primary personal email, and social media accounts. Strong passwords are over 12 characters long, avoid personal information (e.g., names, birthdays), and should be checked in haveibeenpwned to ensure they haven't been compromised. Strong passwords can be created by password managers or by using the ""three random words"" technique (e.g., LinguiniPENCILlondon) for memorability.","Weak passwords are vulnerable to guessing, brute-force, and credential stuffing attacks. Strong passwords (or passphrases) make unauthorized access more difficult, reducing the risk of account compromise."
SB005,Authenticates with SSO,"Single sign-on (SSO) reduces login friction by allowing access to multiple services with one set of login details, making password management easier and potentially more secure.","SSO accounts provide access to multiple services, making them valuable targets for attackers. It's critical to protect these accounts with a strong password (or passphrase), multi-factor authentication (MFA), and automatic lockout after multiple failed login attempts to prevent unauthorized access."
SB007,Checks whether a password (or passphrase) or other personal information have been compromised,"Checking whether a password (or passphrase) or other personal data have been compromised can be done using tools like haveibeenpwned.com, which tracks known data breaches.","Knowing if an account's details have been leaked allows for timely security measures, such as changing login details and reviewing recent activity for any suspicious actions."
SB008,Assesses risk from publicly available personal information,"Checking personal information available online (e.g., DOB, mother's maiden name, pet's name) helps identify data that could be used in social engineering attacks or to answer security questions for account recovery.","Reviewing online personal data allows for proactive steps to limit exposure, reducing the risk of social engineering attacks and unauthorized account access."
SB009,Deactivates or deletes an unneeded account ,Deactivating or deleting unneeded accounts helps reduce the potential exposure of sensitive data that dormant accounts may hold. Security teams should be notified when accounts are no longer needed.,"Unused accounts increase the risk of sensitive data exposure, especially in the event of a data breach."
SB010,Keeps a password (or passphrase) private,Keeping a password (or passphrase) private reduces the risk of unauthorized access. Shared passwords are harder to control and can lead to accidental or intentional misuse. Any password that has been shared should be changed.,"Sharing passwords increases the risk of compromise. Even when shared with trusted individuals, accounts may be accessed without oversight, leading to unintended or harmful consequences."
SB013,Reports a security incident ,Reporting a known or suspected security incident helps reduce harm to individuals and the organization. Timely reporting allows IT or Security teams to respond quickly and limit potential damage.,"Security incidents may not always be detected by technical controls. Breaches can also occur through non-digital means, such as physical document leaks. Early reporting provides valuable time to contain and mitigate the impact. A culture of trust and transparency is essential, encouraging individuals to report incidents. Failing to report incidents promptly can allow issues to escalate, increasing risk and potential harm."
SB014,Asks for security-related help,"Asking for security-related help enables individuals to resolve issues with guidance from experienced professionals. Security experts can provide advice on the best ways to approach security challenges, whether it’s setting up a new device, configuring software, or addressing suspicious emails.","Security is a complex field with many facets, and mistakes can lead to significant vulnerabilities. Asking for help from security specialists can prevent errors and security incidents, ensuring proper security measures are in place and reducing potential risks."
SB015,Completes security awareness training ,"Completing security awareness training is an important part of organizational security. It provides individuals with the knowledge to act appropriately in security-related situations. It helps develop essential security skills and habits, empowering individuals to identify and respond effectively to potential threats.","Security awareness training strengthens an organization's security posture. With the right knowledge, individuals can become an essential line of defense against cyber threats."
SB016,Authenticates with a unique password (or passphrase),Authenticating with a unique password (or passphrase) ensures that each account has its own protection. This reduces the risk of a security breach across multiple accounts if one password is compromised.,"Using the same password across multiple accounts increases the risk of a widespread breach. If one account is compromised, all others with the same password could be affected. Using a unique password for each account helps reduce this risk."
SB018,Uses only an approved or official browser extension,"Using approved or official browser extensions ensures only trusted tools are added to the browser, reducing the likelihood of introducing malicious or unsafe software.","Unapproved extensions can pose security risks, potentially compromising data or exposing systems to malware."
SB019,Downloads content only from an approved or official website,"Downloading content (e.g., files) from approved or official websites reduces the risk of malware and other harmful software that could compromise accounts or systems.","Downloading content from untrusted websites increases the risk of malware or malicious code that could compromise accounts, systems, or data."
SB020,Checks a link's destination before clicking it,"Checking a link’s destination helps confirm where it actually leads before opening it. On most devices, this can be done by hovering over the link with a cursor or pressing and holding it on a touchscreen. The actual URL is then shown, allowing it to be reviewed for anything suspicious.","Malicious links are often disguised behind trusted-looking text or buttons. They may lead to phishing websites, scams, or sites that automatically download harmful content. Checking the destination before clicking helps avoid these threats and reduces the chance of compromise."
SB022,Uses antivirus on a device,"Using antivirus software on compatible devices helps detect and block many types of malicious software before they can cause harm. These tools often run in the background, scanning files and monitoring activity to identify threats early.","Antivirus protection reduces the chance of malware infecting a device. It helps prevent known threats like trojans, keyloggers, and ransomware from executing, safeguarding both personal and organizational data."
SB023,Uses a firewall on a device,"Using a firewall helps control which applications and services can communicate with a device. Firewalls act as a barrier, monitoring network traffic and blocking unauthorized access attempts.","Firewalls reduce the likelihood of malicious software sending or receiving data. They help prevent unauthorized communication, making it harder for attackers to exploit a device or spread threats across a network."
SB024,Keeps software up-to-date,"Keeping software up-to-date, either manually or through automatic updates, helps ensure devices have the latest security patches and protections. This includes operating systems (e.g., Windows, macOS, Android, iOS) and applications (e.g., Zoom, Microsoft Office). Updates can fix vulnerabilities and improve how well systems resist attacks.","Outdated software may contain known vulnerabilities that attackers can exploit. Regular updates fix these issues and may introduce new security features. Applying updates helps protect devices against malware, unauthorized access, and other threats."
SB027,Downloads an application only from an approved or official source,"Downloading applications from approved company platforms or official stores (e.g., Apple App Store, Google Play) helps ensure that apps are verified and free from known malware.","Applications from unofficial sources may be modified to include malicious code. These apps can compromise devices, steal data, or enable unauthorized access. Trusted sources scan and vet apps, reducing the likelihood of installing harmful software."
SB028,Enables filename extensions to be displayed,"Enabling file extensions helps reveal the actual format of a file – such as .exe, .scr, or .vbs  – instead of disguising it as a seemingly harmless type like .pdf or .doc.","When file extensions are hidden (a common default in some operating systems or due to specific workplace configurations), a dangerous file may appear safe and be opened by mistake. Showing file extensions makes it easier to spot suspicious files and avoid launching harmful programs."
SB030,Follows advice in an official security warning,"Official security warnings alert to potentially harmful activity – such as unsafe websites, suspicious downloads, or unsafe app behavior. Following the guidance helps prevent further harm.","Ignoring security warnings can allow threats to spread or worsen, increasing the chance of device or data compromise. Taking the recommended action – like disconnecting from a site or removing a flagged file – helps contain issues before they escalate."
SB032,Inserts only an approved removable media into a device,"Inserting only approved or official removable media (e.g., USB sticks, external drives) helps prevent harmful activity, like installing malware or creating backdoor access. Unknown or unapproved devices should be avoided or handed to the IT or security team.","Malicious removable media can install malware, steal data, or even damage systems. Devices like USB sticks can appear harmless but may contain hidden threats. Using only approved media helps block physical access attacks and keeps systems protected."
SB035,Changes the default password on a device,"Changing the default password on a device (e.g., Wi-Fi router, smart camera) prevents attackers from using widely known login details to gain access.","Default passwords are often published online and easily found by cybercriminals. If left unchanged, they can be used to take control of devices or access the networks they’re connected to. Setting a strong, unique password or passphrase helps protect both the device and its data."
SB036,Secures a device when not in use,Securing a device when not in use means locking the screen or storing the device securely to prevent unauthorized access when it’s left unattended.,"Unattended devices can be misused, tampered with, or accessed without permission. Locking the screen prevents casual snooping, while securely storing the device protects others from physically accessing it. Both actions reduce the risk of unauthorized access, especially in public or shared spaces."
SB038,Shuts down a device when not in use,Shutting down a device when not in use means reducing the risk of unauthorized access and ensuring that security updates requiring a restart are properly applied.,"Shutting down devices is important because it takes them offline, preventing network attacks outside of working hours. The process also guarantees that critical security updates are finalized, closing vulnerabilities and keeping company data safe from known threats."
SB039,Enables wireless connectivity on a device only when in use,"Turning off wireless features (e.g., Bluetooth, AirDrop) when not in use enhances device security and conserves battery life.","Wireless technologies like Bluetooth can be exploited by attackers to access device data. For example, Bluetooth vulnerabilities may allow attackers to connect to a device without the user's knowledge. Turning off wireless features when not in use reduces the risk of unauthorized access or attacks."
SB040,Uses only an approved or official VPN when using an untrusted network,"Using only an approved or official (e.g., from a trusted provider) virtual private network (VPN) protects data when connecting to public or untrusted networks (e.g., airport Wi-Fi).","Untrusted networks (e.g., public Wi-Fi) may expose sensitive data to interception. A VPN encrypts internet traffic, preventing data from being intercepted or read in transit. This helps keep information secure when using untrusted networks."
SB042,Tethers only from an approved device instead of using an untrusted network,"Tethering to an approved mobile device (e.g., via 4G or 5G) protects data when connecting to public or untrusted networks (e.g., airport Wi-Fi).","Untrusted networks (e.g., public Wi-Fi) may expose sensitive data to interception. Tethering uses encrypted mobile networks, making them more secure than many public Wi-Fi networks."
SB043,Configures a device to only connect automatically to trusted Wi-Fi networks,"Configuring a device to connect to Wi-Fi networks manually prevents connecting to untrusted or malicious networks. Automatically joining networks can expose sensitive data to interception or unauthorized access. By controlling which networks the device connects to, security risks are minimized.","Untrusted networks (e.g., public Wi-Fi) may expose sensitive data to interception. By configuring devices to connect to Wi-Fi manually, users can ensure they only connect to trusted networks, minimizing the risk of unauthorized access."
SB044,Enables full-disk or device encryption,"Enabling full-disk or device encryption protects data by making it unreadable to unauthorized individuals in case the device is lost or stolen. Some devices have this feature enabled by default, while others require manual activation.","Enabling encryption ensures that even if a device is lost or stolen, the data on it remains inaccessible to anyone without the decryption key. This adds a critical layer of security, safeguarding sensitive information and reducing the risk of data exposure."
SB045,Reports unnecessary access to information or systems,"Reporting unnecessary access to information or systems involves an individual proactively notifying the relevant department in their organization when they find that their own current access rights (e.g., to specific files, folders, applications, or systems) exceed what is genuinely required for their current job responsibilities. This often occurs after a role change, project completion, or if initial permissions were overly broad.","Unnecessary access to information or systems poses a security risk. If an account is compromised (e.g., via phishing), attackers may be able to access sensitive data or systems that should have been restricted – potentially increasing the scope and impact of a breach. It also raises the risk of individuals accidentally viewing, modifying, or deleting information they shouldn't have access to."
SB046,Removes data from a device before decommissioning,"Data should be securely erased from devices prior to decommissioning to prevent unauthorized access if the devices are resold, recycled, or disposed of. This ensures that sensitive information cannot be recovered.","Removing data from a device before decommissioning means an individual takes responsibility for securely and permanently erasing all information, particularly any organizational data, from devices under their personal control (such as personal smartphones, laptops, tablets, or USB drives that were used for work purposes) before these items are sold, donated, recycled, repurposed, or otherwise disposed of. This process may involve using features like factory resets, employing data wiping utilities, or following specific organizational guidance for data sanitization on such devices."
SB050,Prevents public exposure of sensitive information,"Preventing sensitive information from being overheard or viewed in shared or public spaces means being mindful when discussing confidential matters in non-private environments. It also includes not exposing sensitive content on screens, printed materials, or whiteboards where others might see or hear it.","In shared or public environments, sensitive conversations can be easily overheard, and visible information on screens or documents can be seen by others (“shoulder surfing”). This exposure increases the risk of data breaches, compromise of confidential information, or its use in social engineering attacks."
SB051,Classifies information based on its sensitivity ,"Classifying information based on its sensitivity means applying the appropriate sensitivity label (e.g., Public, Internal, Confidential, Restricted) to information an individual creates, handles, or modifies, in accordance with organizational data classification policies.","If sensitive information is not correctly classified, or if its classification is not updated when its sensitivity level changes, it may be inadequately protected and become vulnerable to unauthorized access, misuse, or accidental disclosure. This can lead to data breaches, financial loss, or regulatory non-compliance."
SB052,Clears browser cookies to protect against misuse,"Clearing browser cookies to protect against misuse means deleting stored data that websites use to remember logins, preferences, or track activity. This is often done manually, but many browsers also offer settings to automatically clear cookies when the browser is closed.","Cookies can store sensitive data like login sessions and browsing activity. If left uncleared, they can be misused for tracking or session hijacking, especially on shared devices or after visiting untrusted sites. Regularly clearing cookies helps protect privacy, limit data exposure, and reduce the risk of unauthorized access to accounts."
SB055,Reads and agrees to organizational security policies,"Reading and agreeing to organizational security policies involves an individual carefully studying the company's documented security rules, procedures, and employee responsibilities regarding information and system security. This process typically concludes with a formal acknowledgment (such as a digital confirmation or signature) signifying their understanding and acceptance of these mandatory guidelines.","Organizational security policies define each individual's role in protecting company information and systems. By reading and formally agreeing to these policies, employees become aware of expected secure behaviors, understand what constitutes misuse, and learn how to prevent actions that could lead to security incidents or data breaches. This informed agreement supports a security-aware culture, promotes consistent practices, and helps establish accountability across the organization."
SB056,"Reports a security policy, procedure, or control that hinders work or leads to unsafe practices","Reporting a security policy, procedure, or control that hinders work or leads to unsafe practices involves notifying the appropriate department (e.g., manager, security team) when a security rule obstructs essential work or necessitates unsafe workarounds, like bypassing controls. This proactive feedback helps the organization identify and improve security measures that are impractical or counterproductive.","Security measures hindering essential work tasks often encourage individuals to find unsafe workarounds, which can create more risk than the original control prevented. If these are not reported, the organization may have a false sense of security while hidden risks persist. Reporting these issues provides vital feedback, enabling the organization to develop security solutions that are both effective and workable in practice."
SB058,Checks a website for signs of deception,Checking a website for signs of deception means an individual actively inspecting various elements of a website to determine if it is legitimate or potentially fraudulent or malicious before interacting with it or trusting it with information.,"Malicious websites are designed to convincingly impersonate legitimate businesses, services, or organizations, often aiming to steal login credentials, financial details, or spread malware. These deceptive sites may even display a padlock icon (HTTPS) to appear secure, tricking individuals into a false sense of safety, even though the site is controlled by attackers. Failing to identify these signs of deception can lead to severe consequences, including account takeovers, identity theft, financial loss, or malware infections, impacting both personal and organizational security."
SB059,Uses bookmarks to access frequently used websites,"Using bookmarks to access frequently used websites involves saving the correct and legitimate web address (URL) of a site one often visits and trusts, and using saved bookmarks as the primary method for returning a website, instead of manually typing the URL or clicking on links from messages.","Typing web addresses manually or clicking links in digital messages (e.g., email) can lead to malicious ""typosquatting"" or deceptive phishing sites. These fake websites are often made to look identical to their legitimate counterparts, are registered under a similar domain, and are designed to steal credentials, trick individuals into downloading malware, or infect browsers with harmful scripts. Using bookmarks for known, trusted destinations creates a direct path to the correct websites, significantly reducing these risks of misdirection."
SB061,Backs up data ,"Backing up data (either manually or by enabling automatic backups) means copying important digital files and storing in a separate safe location, usually on the internet (e.g., approved cloud services), or on removable media (e.g., external hard drive).","Data can be lost, locked, or corrupted due to device failure, accidental deletion, malware attacks (e.g., ransomware), or physical events (e.g., device theft). Without backups, such incidents can lead to the permanent loss of critical data, resulting in significant operational disruption, financial costs, and potential reputational damage."
SB069,Reports a lost or stolen device ,"Reporting a lost or stolen device means immediately informing the appropriate department at the workplace as soon as an individual becomes aware that a device used for work purposes is missing, whether due to accidental loss or suspected theft.","Not reporting lost or stolen devices promptly can give unauthorized individuals a critical window to access confidential information, misuse accounts, or penetrate organizational networks. Timely reporting is crucial because it allows security teams to rapidly deploy protective measures that reduce the potential for data breach, financial loss, and reputational damage."
SB070,Reviews security and privacy settings for an account or application,"Reviewing security and privacy settings for an account or application involves examining settings related to data visibility (e.g., profile information), permissions granted to applications (e.g., access to device features like location or contacts), connections to third-party services, and overall account security configurations, to prevent unintended data exposure.","Some applications and online services request information from devices for use. If these permissions, privacy and security settings aren't reviewed, unintentional oversharing of data can occur. This exposed data can assist in attacks against individuals or their organizations."
SB074,Uses private browsing on a shared device,"Using private browsing on a shared device means using a browser's private or incognito mode to prevent web activity from being saved. When all private windows are closed, browsing history, cookies, and temporary files from that session are automatically deleted, preventing others from seeing them.","Shared devices retain data like browsing history, login cookies, and cached information. If not manually cleared, this can expose online activity or leave accounts accessible to others. Private browsing mode helps prevent this by automatically deleting session data when the window is closed, protecting both personal and work-related information."
SB075,Requests removal of sensitive information posted online without consent,"Requesting removal of sensitive information (e.g., photos, contact details) posted online without consent reduces digital exposure and the risk of misuse.","Allowing sensitive personal information (e.g., photos, contact details) about oneself to remain accessible online without consent can lead to identity theft, fraud, or reputational damage. Exposed data can also provide material for phishing or other social engineering attacks, which can target the individual directly or use their information to gain access into their organization."
SB080,Verifies the legitimacy of an unknown caller,"Verifying the legitimacy of an unknown caller means an individual, when receiving an unexpected phone call, takes active steps to confirm the caller is genuine before sharing any sensitive information or complying with requests. This involves critically assessing the nature of the call (especially if it creates urgency or asks for personal data), questioning the caller to ascertain their identity and purpose, and, if any doubt exists, independently looking up an official contact number for the purported organization to initiate a call back for verification.","Vishing – deceptive phone calls from cybercriminals impersonating trusted organizations or services – is a common tactic used to steal sensitive information, authorize fraudulent payments, or gain remote access. Caller ID can be spoofed, making it unreliable for verification. Not confirming a caller’s identity risks identity theft, financial loss, or the compromise of accounts and devices"
SB081,Checks a message for signs of deception,"Checking a digital messages for signs of deception means critically assessing messages (e.g., emails, texts, instant messages) before taking action. This includes verifying the sender’s identity, inspecting links and attachments, and evaluating the tone or urgency of the message. Signs of deception may include unfamiliar addresses, unexpected requests, poor grammar, or pressure to act quickly.","Deceptive emails (used for phishing), messages (for smishing), and QR codes (for quishing) are common ways cybercriminals trick individuals into revealing sensitive data, installing malware, or authorising fraudulent payments."
SB082,Verifies a suspicious message using known contact details,"Verifying a message using known contact details means an individual, when receiving a suspicious email or other message, takes steps to confirm it is genuine before sharing sensitive information, clicking links, opening attachments, or following instructions. This includes critically assessing the communication's sender's details and content (especially if it creates urgency, or asks for personal data or login credentials), and, if any doubt exists, using known trusted contact details to contact the purported sender or organization directly for verification.","Deceptive emails (used for phishing), messages (for smishing), and QR codes (for quishing) are common ways cybercriminals trick individuals into revealing sensitive data, installing malware, or authorising fraudulent payments."
SB083,Checks a message for malicious content before sharing,"Checking a message or file for malicious content before sharing involves an individual, prior to sending, forwarding, or distributing it to others (e.g., via email, instant message, or shared drive), taking a moment to scrutinize its contents. This includes carefully examining any embedded hyperlinks to verify their true destination and apparent safety, and assessing any attachments for unexpected types, suspicious names, or if their presence is unexplained.","Unchecked digital messages or files, when shared, can act as trusted vectors for malicious links or attachments. Because recipients are less wary of items from known contacts, this can lead to successful phishing attacks or malware infections, potentially compromising colleagues, clients, or the organization itself."
SB087,Reports a suspicious message,"Reporting a suspicious message means forwarding or notifying the appropriate department (e.g., IT or Security) when a message appears unusual, unexpected, or potentially malicious. This includes emails, phone calls, texts, or other types of messages. Timely reporting allows the organization to respond quickly and limit potential damage.","Many cyber attacks begin with a suspicious message (e.g., a phishing email) designed to bypass technical security filters. If these attempts are not reported, even if unsuccessful against one individual, the organization remains unaware of the active threat, leaving others vulnerable. Reporting these suspicious communications immediately allows security teams to analyze the threat, warn other employees, and implement countermeasures, significantly reducing the risk of a successful breach."
SB089,Keeps an MFA code private,"Keeping an MFA code private means involves not sharing any one-time password (OTP) or verification code used for multi-factor authentication, whether generated by an authenticator app or received via SMS or other messaging.","MFA codes (like one-time passwords from authenticator apps or SMS texts) are designed as a private, single-use key for an essential extra layer of account security beyond just a password (or passphrase). If these codes are shared or inadvertently revealed (e.g., in phishing attempts) attackers who have already obtained a password can then bypass multi-factor authentication. This can quickly lead to full account takeover, data theft, or financial fraud."
SB091,Shares sensitive information only with an approved recipient,Sharing sensitive information only with an approved recipient means confirming that the person receiving the data is both authorized to access it and is who they claim to be. This includes verifying their identity and ensuring the information is appropriate for them to receive based on their role or clearance.,"Cybercriminals may impersonate colleagues, clients, or legitimate services to deceptively solicit sensitive information. Sharing confidential organizational information to unverified or unauthorized recipients (including personal email) can lead to data breach, loss of data, regulatory non-compliance, and reputational or financial damage to the organization."
SB094,Works only on an approved device ,"Working only on an approved device means conducting work-related activities, particularly when accessing or handling sensitive organizational data or systems, exclusively using equipment that has been explicitly sanctioned or provided by the organization – be it company-issued or a personal device formally approved under an official Bring Your Own Device (BYOD) policy.","Using unapproved devices for work, especially personal ones not meeting organizational security standards, can bypass essential protections and make sensitive data vulnerable to compromise or malware. Approved devices (whether company-issued or compliant BYOD) are configured or vetted to meet specific security requirements."
SB105,Authenticates with a security key,"Authenticating with a security key means an individual uses a dedicated physical hardware token (often connecting via USB or NFC) to complete a login process, often as a robust factor in multi-factor authentication or for passwordless sign-in, when prompted by an account or service.","Security keys offer strong protection against phishing and account compromise. Unlike codes sent by text or app, which can be intercepted or tricked out of someone, a physical security key must be present to complete login. This makes it harder for attackers to access accounts, even if passwords (or passphrases) are stolen."
SB112,Authenticates with a passkey,"Authenticating with a passkey involves using a unique digital credential, which is stored on a device (e.g., a mobile phone) or a hardware security key, to sign into an online account or application. When prompted during login, the use of the passkey is authorized via the device's unlock mechanism (e.g., a fingerprint, facial recognition, or PIN) or by interacting with their hardware security key, instead of typing a traditional password.","Passwords are a common target for cybercriminals because they can be guessed, stolen, or reused across accounts. Passkeys offer stronger protection by replacing passwords with cryptographic credentials that can’t be phished, reused, or easily intercepted. Since passkeys require access to a specific device and user verification (e.g., fingerprint), they make unauthorized access significantly more difficult."
SB113,Keeps an OTP private,"Keeping a one-time password (OTP) private means treating these typically single-use codes, whether generated by an authenticator app or received in a message, whether it was used as a sole factor or alongside a password, as confidential information. This involves never sharing an OTP with anyone, regardless of who asks or how urgent the request seems, and ensuring it's entered only into the legitimate website or application that prompted it for immediate authentication or transaction verification.","One-time passwords (OTPs), whether from authenticator apps or messages, are designed as unique, typically time-sensitive codes to securely verify an identity or authorize a transaction. Cybercriminals actively use phishing and social engineering tactics to trick individuals into revealing these codes. If an OTP is compromised and shared, it can grant unauthorized access to an account or service, leading to data theft, financial fraud, or system misuse."
SB114,Verifies the legitimacy of an unknown sender of a message,"Verifying the legitimacy of an unknown sender of a message means taking steps to confirm the sender's identity before engaging with their message. This may involve checking contact details, verifying through another channel, or seeking internal guidance when something feels suspicious.","This behavior helps prevent phishing, fraud, and impersonation attacks. Unknown senders are a common tactic used by attackers to gain trust and trick users. Verifying before responding or clicking reduces the risk of falling for social engineering threats."
SB116,Configures a browser to allow only an intentional file download,"Configuring a browser to allow only an intentional file download means changing the browser's settings to prevent files from downloading automatically when initiated by a website or link. This configuration ensures the browser always prompts the user to explicitly approve each download, often by asking where to save the file, before the file transfer begins.","Some websites may attempt to initiate automatic file downloads without clear user consent, a technique which can lead to unintentional downloads of unwanted software or even malicious files like malware through 'drive-by downloads'. Disabling the automatic download feature in a browser provides a crucial checkpoint, ensuring individuals are always prompted before any file is saved to their device. This allows a moment to verify the download's legitimacy and necessity, significantly reducing the risk of inadvertently acquiring harmful content."
SB117,Verifies recipient before sending a message,"Verifies recipient before sending a message means prior to transmitting any digital message (e.g., an email, instant message), consciously checking all recipient addresses (e.g., in the 'To', 'Cc', and 'Bcc' fields of an email, or the contact list for a message) to ensure that each listed recipient is correct, intended, and appropriate for the information being shared. It also involves paying attention when using 'reply all', selecting from auto-completed addresses, or sending to groups.","Misdirecting a digital message, often due to a mistyped address, an auto-complete error, or unintended use of 'reply all', can instantly send sensitive information, confidential attachments, or private discussions to the wrong individuals. Such disclosures can lead to data breach, privacy violation, regulatory non-compliance, impacting both the individual and their organization."
SB119,Scans only a legitimate QR code ,"Scanning only a legitimate QR code means assessing the trustworthiness of the source where a QR code is displayed, before using a device's camera to read it. This involves checking that a physical source (e.g., a poster, product packaging, or menu) doesn't appear tampered with, or that a digital source (e.g., a website or an email) is legitimate and from the expected sender before proceeding with the scan.","Cybercriminals use malicious QR codes in attacks known as ""quishing"" to instantly redirect a user's device to a phishing website, authorize a fraudulent payment, or download malware. Attackers can easily place fake QR code stickers over legitimate ones in public spaces or send them in deceptive emails to appear trustworthy. Because the destination is hidden, verifying that a QR code comes from a legitimate, untampered source before scanning is a critical defense to protect devices, credentials, and financial information"
SB120,Deactivates or deletes an unneeded application,"Deactivating or deleting an unneeded application means an individual removes or disables software from their device (e.g., computer) when it is no longer required for work, is not approved, or is obsolete. This typically involves using the operating system's standard removal procedures to uninstall the application, remove its files and, revoke its associated permissions (where applicable).","Unneeded applications, particularly if outdated, can harbor unpatched security vulnerabilities that cybercriminals may exploit to introduce malware or gain unauthorized access to a device and its data. Deactivating or deleting unused or unapproved software reduces a device's attack surface, minimizes these security risks, and helps maintain overall system integrity and performance."
SB121,Uses a work device only for a work purpose,"Using a work device for a work purpose means exclusively utilizing organization-issued equipment (e.g., company) for activities that directly relate to professional tasks, responsibilities, or accessing data and services approved by the organization. This includes not using work devices for extensive unrelated personal activities (e.g., installing unapproved personal software).","Using work devices for unapproved personal activities (e.g., installing unauthorized software) increases their exposure to malware and other cyber threats, potentially compromising sensitive company data stored on or accessed by the device. Restricting work device use to approved purposes is therefore crucial to minimize these vulnerabilities, protect the organization's IT systems, and maintain data security."
SB122,Uses sensitive work information only for a work purpose ,"Using sensitive work information only for a work purpose means accessing, processing, or sharing confidential organizational data (e.g., client details, intellectual property) exclusively for activities that directly relate to professional tasks and are authorized by the organization. This includes not using such sensitive information for personal gain, unrelated side projects, or any non-official activities.","Using sensitive work information for unauthorized or personal purposes significantly increases the risk of its accidental leakage, misuse, or intentional theft, potentially leading to severe data breaches."
SB123,Captures an image or video of sensitive information only when approved,"Capturing an image or video of sensitive information only when approved means creating a visual record of confidential data (e.g., from a screen display or physical document) only when authorized by the organization.","Creating visual copies (e.g., screenshots, recordings) of sensitive information generates new data assets that, if not properly managed, can increase security risks. Unapproved or uncontrolled captures can lead to these sensitive copies being lost, inappropriately shared, stored insecurely, or retained longer than necessary, potentially resulting in data breach, privacy violation, or non-compliance with data protection regulations."
SB124,Modifies information only when approved ,"Modifying information only when approved means making alterations (e.g., edits, deletions, or additions) to organizational data only after authorization or defined role-based responsibility to do so, and strictly following any established change procedures.","Unapproved or erroneous changes to organizational information can compromise its security and integrity, potentially leading to data breaches, corruption of critical data, operational failures, or significant compliance violations and financial penalties."
SB125,Opens a file only with a legitimate filename extension,"Opening a file that has a legitimate filename extension involves inspecting that the extension is recognizable, matches the expected file type (e.g., .pdf for a document, not .exe), and shows no signs of deceptive manipulation, such as double extensions (e.g., report.txt.exe) before launching any file (especially those from external sources like downloads or email attachments).","Cybercriminals frequently disguise malicious executable files (malware) as common documents, images, or other seemingly harmless file types by manipulating filename extensions or using misleading icons. They often use tactics like double extensions (e.g., invoice.pdf.exe appearing as invoice.pdf if some settings hide known types) to trick individuals into running harmful programs. Opening a file without first verifying its true extension can lead to immediate malware infection, system compromise, or data theft."
SB126,Verifies the connection to a website is secure,"Verifying a website's connection is secure involves checking the web browser's address bar for indicators of an encrypted connection, primarily by looking for a padlock icon and confirming the URL begins with https:// rather than http://. If an unencrypted http:// version of a site is encountered, particularly for sensitive interactions, efforts should be made to access or switch to an https:// version if one is available.","Websites using unsecure http:// connections may transmit data, including any passwords or personal details entered, as plain text between your browser and the server. This makes the information highly vulnerable to interception and theft by attackers, especially when using public or untrusted Wi-Fi networks. Ensuring a website uses a secure https:// connection means the data is encrypted in transit, protecting its confidentiality and preventing attackers from easily reading or modifying it."
SB127,Disables autorun to prevent unapproved file execution,"Disabling autorun to prevent unapproved file execution means configuring operating system or specific application settings to stop programs or files from launching automatically when new media (e.g., USB drives, memory cards) is inserted, requiring explicit user initiation instead.","Attackers can use autorun features (automatically executing files when connecting removable media) to make malicious software run without any direct user action or scrutiny, immediately compromising a device, leading to malware infections."
SB128,Connects only an approved device to a network,"Connecting an approved device to a network means ensuring that any equipment linked to an organizational network (e.g., the corporate LAN, Wi-Fi, or VPN) has been authorized or provided by the organization for such access. This typically involves using only company-issued devices or personal devices that are formally registered and comply with all security requirements under an approved Bring Your Own Device (BYOD) policy.","Unapproved or insecure devices connected to an organizational network can introduce significant threats, potentially bypassing established security controls. Such devices might harbor malware, lack critical security updates, or be misconfigured, providing an entry point for attackers to access internal systems, steal sensitive data, or disrupt operations."
SB129,Enables remote access to a device only when approved,"Enabling remote access to a device when approved means permitting work-related devices to be viewed or controlled from another location only after verifying that the request is legitimate, the individual or service requesting access is explicitly authorized by the organization, and that an organizationally sanctioned and secure remote access tool or method will be used. This involves declining any unsolicited remote access requests or those that propose using unapproved software.","Allowing unapproved or unsolicited remote access to a work device can grant attackers or unauthorized individuals complete control, potentially leading to sensitive data theft, malware installation, system compromise, or use of the device to launch further attacks within the organization."
SB130,Stores a password (or passphrase) securely,"Storing a password (or passphrase) securely means ensuring any written or saved copy of a login details (whether digital or physical) is protected from unauthorized access. This includes using encrypted storage (e.g., an approved password manager), secured physical locations (e.g., a locked drawer), or other encrypted digital formats when temporary storage is necessary.","Leaving passwords in unencrypted files, written on notes, or stored in other insecure locations makes them highly vulnerable if devices are lost, compromised, or physical access is gained."
SB131,Uses elevated privileges only when approved,"Using elevated privileges only when approved means defaulting to a standard, non-privileged account or access for routine work, and only switching to higher permissions (e.g., administrator account) for specific tasks when that use is authorized by the organization.","Using an account with elevated privileges for routine daily tasks is highly risky, as any malware encountered can also run with full administrative control over the device. This can allow it to disable security software, access or steal sensitive data from all accounts on the system, and spread across the organization's network. Therefore, using elevated privileges only for specific, approved tasks is a fundamental control to contain the potential damage from everyday threats."
SB150,Uses a password (or passphrase) that has not been compromised,"Using a password (or passphrase) that has not been compromised means selecting credentials that are not known to be exposed in publicly available data breaches, and also involves changing any existing passwords if they are identified as compromised through tools (e.g., haveibeenpwned, password manager security alerts).","Passwords that have been exposed in data breaches are actively collected, shared, and sold by cybercriminals. Attackers use these lists of compromised credentials in widespread automated attacks (e.g., ""credential stuffing"") to try and gain unauthorized access to other accounts where those passwords may have been reused. Using a password already known to be compromised offers no protection against these common threats, leaving accounts vulnerable to takeover, data theft, and financial fraud."
SB152,Authenticates with shared login details only when approved ,"Authenticating with shared login details only when approved means using a set of credentials for a specific, designated account (e.g., a team social media profile, shared software license) strictly when, and as explicitly authorized by, an organizational policy for that defined circumstance.","Using shared login details eliminates individual accountability and makes it difficult to control who has access, directly increasing the risk of unauthorized account compromise, data breaches, or misuse of services."
SB153,Opens a file only from a legitimate source ,"Opening a file only from a legitimate source means, before launching any file, first assessing its origin to confirm it is trustworthy. This involves verifying the file was obtained from a reliable sender, an official website, or a secure company system, and avoiding files from unknown or unsolicited sources.","Cybercriminals often hide malicious software (e.g., ransomware or spyware) within seemingly harmless files, like documents or images, and distribute them through untrusted websites or deceptive emails. Opening a file from an unverified or untrustworthy source can lead to device compromise and data theft, impacting both individuals and their organization."
SB154,Visits only an approved or official website,"Visiting an approved or official website means accessing only sites that are verified to be legitimate, utilize secure connections, and are either approved by the organization or widely recognized as trustworthy.","Cybercriminals create deceptive websites, often convincing impersonations of legitimate businesses or services, designed to automatically install malware (via ""drive-by downloads""), run malicious scripts, or trick people into sharing sensitive information, which can lead to device compromise, data theft, financial loss, or other cyberattacks, impacting both the individual and their organization."
SB156,Shares sensitive information only on an approved or official website or application,"Sharing sensitive information only on an approved or official website or application means an individual, before entering or uploading any confidential data (e.g., login credentials, financial details, proprietary code), first takes steps to confirm the platform's legitimacy and that its use is authorized by the organization for that type of information.","Sharing sensitive information on an unapproved or malicious platform, from deceptive phishing websites designed to steal credentials, to unapproved public AI services like Large Language Models (LLMs) that may absorb data into their training models, poses a significant and varied risk. Submitting any confidential company or personal data to such unauthorized platforms can lead to account compromise, intellectual property loss, data breaches, and regulatory violations, severely impacting both the individual and their organization."
SB159,Clicks only a legitimate link,"Clicking only a legitimate link involves assessing the context and source of the link (e.g., the trustworthiness of the sender of a message or the website hosting it) and inspecting the link's true destination (e.g., by hovering) for any signs of deception.","Cybercriminals frequently use deceptive links in emails, messages, and on websites to trick individuals into visiting malicious sites that can steal credentials, install malware, or commit fraud. Clicking on an unverified link is a primary way that account compromises and device infections occur, impacting both individuals and their organization."
SB163,Opens only a legitimate message,"Opening only a legitimate message means opening messages (e.g., emails, chats, or alerts) only when they are known or confirmed to be trustworthy; for instance, they are not phishing attempts or scams. It reflects a decision to engage with digital communications selectively, based on their authenticity and expected origin.","Cybercriminals rely on individuals opening malicious communications, like phishing emails, fake alerts, or spoofed messages, to deliver malicious links, infected attachments, or fraudulent requests. Engaging with such untrusted messages is a primary way that data breaches, malware infections, and financial loss occur, impacting both individuals and their organization."
SB164,Opens an attachment only in a legitimate message,"Opening an attachment only in a legitimate message means an individual opens an attached file only after confirming the message containing it (e.g., email, chat, alert) is trustworthy, expected, and from a known source. This involves relying on the assessed legitimacy of the entire message before engaging with any of its attachments.","Cybercriminals hide malicious software (e.g., ransomware or spyware) within email and message attachments, often using fake or compromised accounts to make the communication appear legitimate. Opening an attachment from an unverified or untrustworthy message can lead to device compromise and data theft, impacting both individuals and their organization."
SB171,Uses a work email address that has not been compromised,"Using a work email address that has not been compromised involves being aware of potential data breaches that might expose work email address and, upon learning of such an exposure or suspected compromise of the account, promptly changing relevant passwords and reporting the situation according to organizational procedures.","Work email addresses exposed in data breaches are actively harvested and used by cybercriminals to launch targeted phishing attacks. If the associated password was also weak, reused, or exposed in the same or another breach, attackers can gain direct access to the work email account. This can lead to theft of sensitive company data, unauthorized communication on behalf of the organization, or the compromise of other linked accounts, causing significant operational and reputational damage."
SB173,Uses a work email address only for a work purpose,"Using a work email address for a work purpose means only signing up to or communicating through work email when it directly relates to professional tasks, responsibilities, or services approved by the organization. This includes not using work email for unrelated personal activities or third-party services.","Using work email for personal accounts or unapproved online services increases its exposure in third-party data breaches and helps cybercriminals craft targeted phishing campaigns. Restricting work email strictly to official, approved purposes is therefore crucial to minimize these vulnerabilities and protect organizational security."
SB185,Shares sensitive information only in an approved communication channel ,"Sharing sensitive information only in an approved communication channel means ensuring confidential data is only shared in a communication method (e.g., messaging platform, file-sharing service) that is authorized by the organization and provides the security appropriate for that information's sensitivity level.","Unapproved communication channels (e.g., personal messaging apps) may lack encryption, access controls, or auditability, increasing the risk of data exposure or interception. This can lead to data breaches, loss of control over sensitive information and  regulatory non-compliance."
SB189,Uses an approved application on a work device,"Using an approved application on a work device means only installing or running software that has been authorized by the organization (e.g., through official IT channels) and avoiding unauthorised third-party software, personal applications, or unverified downloads on work systems.","Unapproved applications may introduce malware, create system vulnerabilities, or conflict with existing security controls. Using only approved software reduces the risk of compromise, helps maintain system performance, and ensures compliance with organizational policies."
SB202,Stores a document according to its classification,"Storing a document according to its classification means an individual, after identifying or assigning a document's sensitivity level (e.g., Public, Internal, Confidential, Restricted), actively chooses and uses a storage location or system that provides the security controls appropriate for that specific classification.","Storing sensitive documents without security appropriate for their classification makes them vulnerable to unauthorized access, misuse, or accidental disclosure. This can lead to data breaches, financial loss, or regulatory non-compliance."
SB203,Authenticates with biometrics ,"Authenticating with biometrics means using a unique personal physical characteristic (e.g., fingerprint, facial features, or voice pattern) for identity verification when prompted by a device, application, or service. This typically involves interacting with a built-in or connected biometric sensor, like placing a finger on a scanner or looking at a camera, to gain access or authorize an action.","Relying solely on passwords or PINs for authentication leaves accounts vulnerable, as these credentials can be forgotten, guessed, stolen. Biometric authentication (using unique traits like a fingerprint) mitigates these risks by adding a security layer that is inherently tied to the individual and significantly harder for attackers to replicate or misuse, thereby strengthening protection against unauthorized access and account compromise."
SB209,Uses an approved or official password manager application,"Using an approved or official password manager application means an individual relies on a trusted tool, authorized by their organization, to securely store, generate, and manage strong, unique passwords for their accounts.","Manually creating and remembering many strong, unique passwords for all accounts is difficult, often leading to risky habits like password reuse that leave accounts vulnerable to compromise if one is breached. An approved or official password manager application addresses this by securely storing (and often generating) numerous strong and unique passwords, thereby reducing the risk of account compromise."
SB210,Uses an approved browser-based password manager ,"Using an approved browser-based password manager means an individual relies on this integrated browser feature, when its use is authorized by their organization or aligns with policy, to securely store, generate, and manage strong, unique passwords for online accounts.","Manually creating and remembering many strong, unique passwords for all accounts is difficult, often leading to risky habits like password reuse that leave accounts vulnerable to compromise if one is breached. An approved browser-based password manager addresses this by securely storing (and often generating) numerous strong and unique passwords, thereby reducing the risk of account compromise."
SB213,Uses a device that has not been compromised,"Using a device that has not been compromised means using equipment (e.g., computer, smartphone) that is free from malware, unauthorized access, or other forms of security compromise. This involves performing protective behaviors (e.g., keeping software updated) and immediately stopping use and reporting the device to the appropriate department if any signs of potential compromise are observed.","Using a compromised device grants cybercriminals a direct gateway to steal sensitive data (e.g., login credentials), monitor user activity, spread malware further into networks, or use the device to launch other attacks, leading to financial loss, reputational damage, or regulatory penalties."
